PRINT_TRANSACTION_HISTORY,2021-05-07 23:50:33.724715732,
PRINT_TRANSACTION_HISTORY,2021-05-07 23:50:34.69753584,
PRINT_TRANSACTION_HISTORY,2021-05-07 23:54:37.863645535,
ADD_LIBRARIAN,2021-05-07 23:54:49.072496228,
PRINT_LIBRARIAN_LIST,2021-05-07 23:54:51.089278197,
PRINT_LIBRARIAN_LIST,2021-05-07 23:55:02.028746663,
PRINT_AVAILABLE_BOOKS,2021-05-07 23:55:06.131799481,
PRINT_AUTHOR_LIST,2021-05-07 23:55:09.833509766,
PRINT_CLIENT_LIST,2021-05-07 23:55:12.776346236,
PRINT_AVAILABLE_BOOKS,2021-05-07 23:55:18.75151641,
RAISE_LIBRARIAN_SALARY,2021-05-07 23:59:10.875576277,
PRINT_TRANSACTION_HISTORY,2021-05-07 23:59:12.840652917,
PRINT_LIBRARIAN_LIST,2021-05-28 08:33:50.485605385,
ADD_LIBRARIAN,2021-05-28 08:34:14.313894015,
PRINT_LIBRARIAN_LIST,2021-05-28 08:34:24.676005421,
PRINT_LIBRARIAN_LIST,2021-05-28 09:43:07.698773511,
ADD_LIBRARIAN,2021-05-28 09:43:41.532541256,
PRINT_LIBRARIAN_LIST,2021-05-28 09:43:43.361368249,
